<Server port="8005" shutdown="SHUTDOWN">

  <GlobalNamingResources>
    <!-- Used by Manager webapp -->
    <Resource name="UserDatabase" auth="Container"
              type="org.apache.catalina.UserDatabase"
       description="User database that can be updated and saved"
           factory="org.apache.catalina.users.MemoryUserDatabaseFactory"
          pathname="conf/tomcat-users.xml" />
  </GlobalNamingResources>

  <Service name="Catalina">
    <Connector address="127.0.0.1" port="8080" />

    <!-- This is here for compatibility only, not required -->
    <Connector address="127.0.0.1" port="8009" protocol="AJP/1.3" />

    <Engine name="Catalina" defaultHost="localhost">
      <Realm className="org.apache.catalina.realm.UserDatabaseRealm"
             resourceName="UserDatabase" />
      <Host name="localhost" appBase="webapps" />
    </Engine>
    
  </Service>
</Server>
